Date,Close,Volume,MarketCap,Monthly Return,Monthly Std Dev
<<<<<<< HEAD
2009-01-31 00:00:00-05:00,70.62338256835938,31392000,24778366969.6611,,0.0009977024717712914
2009-02-28 00:00:00-05:00,70.52094268798828,18941500,24742425715.42131,-0.0014505094013578246,0.0013029683792421148
2009-03-31 00:00:00-04:00,70.8731918334961,32196100,24866013092.218136,0.00499495798101135,0.0013186872382597113
2009-04-30 00:00:00-04:00,70.75614166259766,21061900,24824945785.85433,-0.0016515436636947989,0.0010560858890995414
2009-05-31 00:00:00-04:00,70.79582977294922,19894700,24838870445.46224,0.0005609139986859635,0.0008986108809119485
2009-06-30 00:00:00-04:00,70.72905731201172,22078400,24815443182.700146,-0.0009431694091537324,0.0018658922222178134
2009-07-31 00:00:00-04:00,70.80689239501953,17436000,24842751790.412537,0.0011004682653192877,0.0010720913182150074
2009-08-31 00:00:00-04:00,71.09662628173828,16931600,24944405553.05573,0.004091888189392323,0.0009820646952429205
2009-09-30 00:00:00-04:00,71.26461791992188,16574700,25003345783.718266,0.002362863710549057,0.0007874578294941689
2009-10-31 00:00:00-04:00,71.36144256591797,20637300,25037316920.797073,0.0013586636513633898,0.001045413684658684
2009-11-30 00:00:00-05:00,71.78707122802734,14995500,25186649660.167686,0.005964406643212294,0.0003985246665137104
2009-12-31 00:00:00-05:00,71.18357849121094,16991500,24974912924.365097,-0.00840670508620478,0.0011315074711743694
2010-01-31 00:00:00-05:00,71.74986267089844,16354800,25173594957.186573,0.00795526428553206,0.0006506087264443218
2010-02-28 00:00:00-05:00,71.86489868164062,17735300,25213955591.090458,0.0016032924170159557,0.0008022800966666509
2010-03-31 00:00:00-04:00,71.67154693603516,21246900,25146117711.72806,-0.0026904893648012074,0.0006004436107554441
2010-04-30 00:00:00-04:00,71.88661193847656,20473200,25221573734.351532,0.0030007026726148744,0.0010124822098709102
2010-05-31 00:00:00-04:00,72.21221923828125,32072000,25335813761.792183,0.0045294567517433215,0.0010100696247351535
2010-06-30 00:00:00-04:00,72.51478576660156,27006100,25441969884.57773,0.004189963021658638,0.0006984715637900926
2010-07-31 00:00:00-04:00,72.65543365478516,23267500,25491316501.238968,0.00193957531138933,0.0005411013549798804
2010-08-31 00:00:00-04:00,72.82901763916016,22668800,25552218818.69362,0.002389139746928892,0.0006106292562597472
2010-09-30 00:00:00-04:00,72.91544342041016,23930000,25582541491.519146,0.0011866943156944032,0.0005242367962504522
2010-10-31 00:00:00-04:00,73.075439453125,23479200,25638676446.65898,0.002194268116732845,0.0004963911934244054
2010-11-30 00:00:00-05:00,72.92574310302734,22216000,25586155157.507355,-0.0020485179592204528,0.0007944014958948357
2010-12-31 00:00:00-05:00,72.80626678466797,21143700,25544236632.044106,-0.0016383284321228597,0.0010383842711687676
2011-01-31 00:00:00-05:00,72.90158081054688,20459900,25577677764.777973,0.0013091459030691865,0.0007234451912298307
2011-02-28 00:00:00-05:00,72.81312561035156,19351800,25546643065.913292,-0.001213350920677314,0.0007154635279409254
2011-03-31 00:00:00-04:00,72.7184829711914,22574300,25513437490.66606,-0.0012998019020172835,0.0009445608253016379
2011-04-30 00:00:00-04:00,73.10691833496094,17282500,25649720880.6348,0.005341631836893734,0.0007302838724493123
2011-05-31 00:00:00-04:00,73.37303161621094,19243100,25743087302.6117,0.0036400560618725653,0.00042617108318549716
2011-06-30 00:00:00-04:00,73.36956024169922,33909500,25741869363.334187,-4.7311313642772745e-05,0.0007245033969834404
2011-07-31 00:00:00-04:00,73.57940673828125,26815900,25815494461.856968,0.002860130221453483,0.0006368107876147015
2011-08-31 00:00:00-04:00,73.8330307006836,47040700,25904478979.224453,0.0034469422036043085,0.00047686790363726556
2011-09-30 00:00:00-04:00,73.7580337524414,31044800,25878166137.251034,-0.0010157641848161925,0.0004136388632234933
2011-10-31 00:00:00-04:00,73.78337097167969,40747200,25887055755.58203,0.0003435180949009631,0.00046771403703832406
2011-11-30 00:00:00-05:00,73.81658172607422,35655400,25898707820.8018,0.0004501116438184738,0.00021651832216184984
2011-12-31 00:00:00-05:00,73.85498809814453,40515800,25912182779.753395,0.000520294643456154,0.00025656159473504505
2012-01-31 00:00:00-05:00,73.91620635986328,42940300,25933661339.671474,0.0008288981326136646,0.0002580903116130152
2012-02-29 00:00:00-05:00,73.81217193603516,37696900,25897160636.40092,-0.0014074643295629574,0.0002803009092965097
2012-03-31 00:00:00-04:00,73.7552719116211,27251500,25877197139.408268,-0.0007708758992130971,0.00047111962833816154
2012-04-30 00:00:00-04:00,73.90404510498047,20186300,25929394537.015762,0.0020171194479174925,0.0003038703724003498
2012-05-31 00:00:00-04:00,73.946044921875,37731300,25944130263.878803,0.0005683020034270569,0.0002758483317707172
2012-06-30 00:00:00-04:00,73.87421417236328,41753800,25918928289.598057,-0.0009713940696572942,0.00020579383554720712
2012-07-31 00:00:00-04:00,74.03717041015625,41688400,25976101839.110798,0.0022058608625299403,0.0002677613217196733
2012-08-31 00:00:00-04:00,74.04241943359375,20978700,25977943470.369976,7.089713732200131e-05,0.00026703294458625253
2012-09-30 00:00:00-04:00,74.05467987060547,18179900,25982245071.29076,0.00016558666107213682,0.00025900382532649703
2012-10-31 00:00:00-04:00,74.00382995605469,18389300,25964404268.46748,-0.0006866536272877033,0.0002955356996905878
2012-11-30 00:00:00-05:00,74.02139282226562,19234300,25970566238.174786,0.00023732374691110003,0.00023367329900269958
2012-12-31 00:00:00-05:00,74.03971862792969,19236100,25976995886.84418,0.00024757445064649275,0.00019908942598810978
2013-01-31 00:00:00-05:00,74.04855346679688,23276400,25980095609.225178,0.000119325667775394,0.00020335266297302228
2013-02-28 00:00:00-05:00,74.09327697753906,16639700,25995786949.98288,0.0006039754816040688,0.00018418759700327368
2013-03-31 00:00:00-04:00,74.11788940429688,14588100,26004422273.299892,0.0003321816467272143,0.0001841442531170555
2013-04-30 00:00:00-04:00,74.16881561279297,23325900,26022289844.019382,0.0006870973918091661,0.00013698609316093978
2013-05-31 00:00:00-04:00,74.06958770751953,16532700,25987475518.20999,-0.001337865576706343,0.00023413490572314762
2013-06-30 00:00:00-04:00,73.99674987792969,34310800,25961920207.699287,-0.000983370258215266,0.0004542978568057532
2013-07-31 00:00:00-04:00,74.1170425415039,23686800,26004125149.651974,0.001625647934168306,0.0004386799638539898
2013-08-31 00:00:00-04:00,74.04503631591797,26069800,25978861609.209946,-0.0009715204913312014,0.00034339633676250974
2013-09-30 00:00:00-04:00,74.2101821899414,26085700,26036803397.343887,0.0022303436157264933,0.0005766722229980641
2013-10-31 00:00:00-04:00,74.26118469238281,28336600,26054697735.959583,0.0006872709503780161,0.0003345943814335661
2013-11-30 00:00:00-05:00,74.33056640625,19381900,26079040460.772022,0.0009342931190041703,0.0003162233322752029
2013-12-31 00:00:00-05:00,74.19871520996094,16638700,26032780182.54368,-0.001773848938112943,0.00031005187833602716
2014-01-31 00:00:00-05:00,74.34822845458984,17432400,26085237228.7444,0.002015038187734408,0.0004658106449766744
2014-02-28 00:00:00-05:00,74.37722778320312,82634300,26095411706.09343,0.00039004733826297766,0.000297456404363153
2014-03-31 00:00:00-04:00,74.29630279541016,68642700,26067018998.58457,-0.0010880344724443214,0.0005720288777004563
2014-04-30 00:00:00-04:00,74.3763656616211,20654600,26095109228.86627,0.0010776157520435703,0.0003874386384494347
2014-05-31 00:00:00-04:00,74.50924682617188,14203900,26141730873.693436,0.0017866047012209396,0.00022440098983862386
2014-06-30 00:00:00-04:00,74.45030212402344,13709200,26121049997.082382,-0.0007911058648325531,0.0004211505520521406
2014-07-31 00:00:00-04:00,74.39305114746094,25519100,26100963367.76717,-0.0007689824611742946,0.0003980303440869603
2014-08-31 00:00:00-04:00,74.53135681152344,37432900,26149488210.014797,0.0018591207368057194,0.00044062706787713005
2014-09-30 00:00:00-04:00,74.47671508789062,29304800,26130317042.74993,-0.0007331373796265472,0.0004971416165121804
2014-10-31 00:00:00-04:00,74.67066955566406,77840400,26198366388.49238,0.002604229624582066,0.0006693051257066559
2014-11-30 00:00:00-05:00,74.7491683959961,53717000,26225907876.90179,0.0010512673958751328,0.00031861421891967237
2014-12-31 00:00:00-05:00,74.53038787841797,19746200,26149148257.73294,-0.0029268622283408208,0.0007357403971087313
2015-01-31 00:00:00-05:00,74.9981689453125,15861800,26313270259.759014,0.00627638041623535,0.000643967883938667
2015-02-28 00:00:00-05:00,74.78006744384766,18743100,26236748874.866425,-0.0029080910178471697,0.0007508900899047173
2015-03-31 00:00:00-04:00,74.96641540527344,19269200,26302129461.35684,0.0024919469558610796,0.000740492652643659
2015-04-30 00:00:00-04:00,74.99026489257812,25591900,26310497105.711765,0.00031813562347560165,0.0004411802678491181
2015-05-31 00:00:00-04:00,75.02120208740234,30436100,26321351487.6245,0.00041254948050295503,0.0005732509145529556
2015-06-30 00:00:00-04:00,75.04508209228516,34025600,26329729839.13791,0.00031831008059546306,0.0005792177101433945
2015-07-31 00:00:00-04:00,75.07870483398438,49932600,26341526450.997204,0.0004480339119075083,0.0006507929415374663
2015-08-31 00:00:00-04:00,75.04155731201172,48551200,26328493162.333057,-0.0004947810708082478,0.0006700823310300374
2015-09-30 00:00:00-04:00,75.26293182373047,51305000,26406162889.97301,0.0029500255544845366,0.0006965764908062758
2015-10-31 00:00:00-04:00,75.15663146972656,63998900,26368867180.185047,-0.0014123865683689507,0.0006532269852372039
2015-11-30 00:00:00-05:00,74.96247863769531,60033700,26300748237.912457,-0.0025833093931232343,0.00044136646047285516
2015-12-31 00:00:00-05:00,74.85072326660156,47854900,26261538623.545555,-0.0014908174479378866,0.0006070548077053954
2016-01-31 00:00:00-05:00,75.33871459960938,52634800,26432751441.27738,0.006519527289932769,0.0004921881533459809
2016-02-29 00:00:00-05:00,75.42306518554688,36040600,26462346027.326023,0.0011196180660340005,0.0007244957250511491
2016-03-31 00:00:00-04:00,75.5270004272461,53819700,26498811932.331505,0.0013780299361147996,0.0007977831182833673
2016-04-30 00:00:00-04:00,75.55458068847656,33782800,26508488526.811047,0.00036517088027387956,0.00044623226311133347
2016-05-31 00:00:00-04:00,75.4646987915039,33517300,26476953268.28726,-0.0011896286916507348,0.0006150705434225805
2016-06-30 00:00:00-04:00,75.91944122314453,31301400,26636500636.851215,0.006025896066941261,0.0007577957753954371
2016-07-31 00:00:00-04:00,75.88380432128906,32123300,26623997352.532005,-0.00046940416422092124,0.0005860533207229299
2016-08-31 00:00:00-04:00,75.70655059814453,25273000,26561807499.2697,-0.0023358571006014683,0.0005875853418196798
2016-09-30 00:00:00-04:00,75.80455780029297,39182100,26596193538.739746,0.0012945670007957766,0.00047421560734576206
2016-10-31 00:00:00-04:00,75.76801300048828,34179300,26583371716.455647,-0.0004820923815817002,0.0004159929488764733
2016-11-30 00:00:00-05:00,75.4119644165039,59430600,26458451298.427616,-0.004699193893102138,0.0005596010561180605
2016-12-31 00:00:00-05:00,75.46649169921875,33143400,26477582313.848167,0.000723058776372465,0.0006273785404838155
2017-01-31 00:00:00-05:00,75.546875,32629600,26505784969.29394,0.0010651522148614756,0.0005955780479783097
2017-02-28 00:00:00-05:00,75.57463836669922,21609300,26515525806.72439,0.0003674985457600144,0.0005769812793569904
2017-03-31 00:00:00-04:00,75.62299346923828,21254800,26532491299.341633,0.0006398324038869863,0.0006396924299155753
2017-04-30 00:00:00-04:00,75.76438903808594,16822700,26582100241.38572,0.0018697430815823868,0.0006687111875011277
2017-05-31 00:00:00-04:00,75.81995391845703,17983600,26601595300.194717,0.0007333904632051969,0.0005031948499583091
2017-06-30 00:00:00-04:00,75.7607650756836,23039000,26580828766.315796,-0.0007806499439064751,0.0004303041603113646
2017-07-31 00:00:00-04:00,75.90167236328125,17700300,26630266393.824146,0.0018598978964492474,0.00041667837849504967
2017-08-31 00:00:00-04:00,76.05522155761719,17398300,26684139461.73432,0.0020230014643289884,0.00052657820559635
2017-09-30 00:00:00-04:00,75.91321563720703,15197500,26634316376.520565,-0.0018671422882198252,0.00046085076615381065
2017-10-31 00:00:00-04:00,75.84395599365234,20834500,26610016480.34206,-0.0009123529147504472,0.0007713949848080413
2017-11-30 00:00:00-05:00,75.68002319335938,25443300,26552500301.75784,-0.002161448439038316,0.00037478884665295524
2017-12-31 00:00:00-05:00,75.66474151611328,24162900,26547138692.147182,-0.00020192484887393558,0.0004025109570265977
2018-01-31 00:00:00-05:00,75.44816589355469,27025000,26471152665.178772,-0.002862305721515912,0.00030759685599153903
2018-02-28 00:00:00-05:00,75.37229919433594,31490100,26444534669.188572,-0.0010055472962163803,0.0006776478964404029
2018-03-31 00:00:00-04:00,75.55860137939453,29358600,26509899194.94126,0.0024717593472669552,0.00047912843267024403
2018-04-30 00:00:00-04:00,75.38116455078125,33464500,26447645098.728054,-0.002348333947082115,0.00038802206054503195
2018-05-31 00:00:00-04:00,75.64671325683594,47551100,26540813438.273003,0.0035227461347562272,0.0007878276197349945
2018-06-30 00:00:00-04:00,75.67936706542969,67130900,26552270097.85044,0.0004316619610806871,0.000502576021282573
2018-07-31 00:00:00-04:00,75.63394165039062,38826600,26536332492.44762,-0.0006002351340992362,0.00028416115912303653
2018-08-31 00:00:00-04:00,75.89617919921875,37460900,26628339105.2971,0.003467194001871343,0.00038048532502974055
2018-09-30 00:00:00-04:00,75.7876205444336,24821600,26590251065.781353,-0.0014303573108759293,0.00036095495267813953
2018-10-31 00:00:00-04:00,75.9036865234375,69653400,26630973066.28406,0.001531463557902013,0.000510724732049739
2018-11-30 00:00:00-05:00,76.19290161132812,57003700,26732444807.233036,0.003810290397441074,0.00048081332190311145
2018-12-31 00:00:00-05:00,76.77188110351562,108533700,26935581017.983685,0.007598863935396105,0.0007200669856922426
2019-01-31 00:00:00-05:00,76.96465301513672,84010900,27003215461.334892,0.002510970277791902,0.0008796349147145755
2019-02-28 00:00:00-05:00,77.03091430664062,75457200,27026463379.192387,0.0008609314653946765,0.0005938571633626436
2019-03-31 00:00:00-04:00,77.51373291015625,56555000,27195861333.561245,0.006267855027575653,0.0006131358024530043
2019-04-30 00:00:00-04:00,77.65594482421875,56026800,27245756692.09477,0.001834667338590723,0.0005236318866984162
2019-05-31 00:00:00-04:00,78.21649169921875,49160800,27442425779.12133,0.007218338225989607,0.0007575884389404374
2019-06-30 00:00:00-04:00,78.57699584960938,101896600,27568909442.287964,0.004609055488923541,0.0008990149913802051
2019-07-31 00:00:00-04:00,78.52687072753906,35796500,27551322934.47867,-0.0006379108990912652,0.0007774793974863881
2019-08-31 00:00:00-04:00,79.14078521728516,52803300,27766716164.903408,0.007817890666701466,0.0010910295168369626
2019-09-30 00:00:00-04:00,79.0345458984375,49094800,27729441869.43241,-0.0013424092085512207,0.0010052173527982885
2019-10-31 00:00:00-04:00,79.28189086914062,46670100,27816223388.941902,0.0031295804624598134,0.0008351688393966218
2019-11-30 00:00:00-05:00,79.24447631835938,41263800,27803096412.64102,-0.0004719179925085637,0.0005530849889389475
2019-12-31 00:00:00-05:00,79.36732482910156,37427200,27846198079.116707,0.00155024698817674,0.0005942955180579942
2020-01-31 00:00:00-05:00,79.82685852050781,46299600,28007426471.562588,0.005789960697248464,0.00046884242846018353
2020-02-29 00:00:00-05:00,80.52664947509766,50339900,28252949645.960144,0.008766359688450853,0.0010213684294354752
2020-03-31 00:00:00-04:00,81.52847290039062,260901600,28604441567.86978,0.012440892944425519,0.002101015926214308
2020-04-30 00:00:00-04:00,81.7507095336914,101890400,28682413772.736897,0.002725877541853494,0.0004889541341455301
2020-05-31 00:00:00-04:00,81.68663787841797,70504900,28659934093.5006,-0.0007837443324822946,0.0004962490734566563
2020-06-30 00:00:00-04:00,81.70547485351562,83833000,28666543087.074596,0.00023060044564071625,0.00032663425145710163
2020-07-31 00:00:00-04:00,81.78194427490234,65474000,28693372549.444847,0.000935915512685126,0.00023970668378226148
2020-08-31 00:00:00-04:00,81.7630615234375,57431400,28686747495.13313,-0.0002308914471557122,0.0001710743628701901
2020-09-30 00:00:00-04:00,81.76211547851562,56232800,28686415573.220135,-1.1570566270990845e-05,0.0001643192431206818
2020-10-31 00:00:00-04:00,81.72431182861328,72432000,28673152080.64859,-0.0004623614455313563,0.00016219893119635148
2020-11-30 00:00:00-05:00,81.74227905273438,59951900,28679455920.205803,0.00021985164168492055,0.00017593400438542644
2020-12-31 00:00:00-05:00,81.77540588378906,54278200,28691078540.73974,0.00040525945004921127,0.0002283137635520252
2021-01-31 00:00:00-05:00,81.79432678222656,54266300,28697716978.999565,0.00023137639285319977,0.00020759347140955536
2021-02-28 00:00:00-05:00,81.74696350097656,59577000,28681099469.033035,-0.0005790533783119889,0.000498959839693467
2021-03-31 00:00:00-04:00,81.70148468017578,70428300,28665143126.102867,-0.0005563365151812771,0.00021210883901088168
2021-04-30 00:00:00-04:00,81.74791717529297,45939100,28681434067.735645,0.0005683188659171279,0.0002197028658345521
2021-05-31 00:00:00-04:00,81.79720306396484,57094500,28698726128.68664,0.0006029008490355814,0.00021495160453750698
2021-06-30 00:00:00-04:00,81.65692138671875,59501000,28649507997.927204,-0.001714993569357115,0.0003907704413836388
2021-07-31 00:00:00-04:00,81.79251098632812,48100500,28697079903.06979,0.0016604789564285127,0.00035861027639803465
2021-08-31 00:00:00-04:00,81.76593017578125,39836500,28687753968.030586,-0.00032497853686530576,0.00028840481102628744
2021-09-30 00:00:00-04:00,81.6834945678711,41106600,28658831256.176792,-0.0010081901805915061,0.000287631082031746
2021-10-31 00:00:00-04:00,81.40938568115234,69922200,28562659558.677197,-0.0033557438766407266,0.00044738758379366737
2021-11-30 00:00:00-05:00,81.36292266845703,62171900,28546357909.88593,-0.0005707328744291029,0.0008840375056375625
2021-12-31 00:00:00-05:00,81.19021606445312,74777200,28485763423.237682,-0.00212266961829366,0.0005835450531762071
2022-01-31 00:00:00-05:00,80.63021087646484,108228500,28289284388.274204,-0.006897446701505494,0.0007925047172107162
2022-02-28 00:00:00-05:00,80.28175354003906,102473200,28167027375.918964,-0.004321672145440103,0.001702429417589675
2022-03-31 00:00:00-04:00,79.15641784667969,109468700,27772200906.836624,-0.014017328268722151,0.0013985807303166533
2022-04-30 00:00:00-04:00,78.7630615234375,122225200,27634190987.562405,-0.0049693547780811365,0.001410878208821813
2022-05-31 00:00:00-04:00,79.23265075683594,130397700,27798947388.72863,0.005962049015307835,0.0013012312793990624
2022-06-30 00:00:00-04:00,78.7617416381836,139328200,27633727902.957993,-0.005943372008309522,0.0020646040342693194
2022-07-31 00:00:00-04:00,79.08456420898438,150452800,27746990902.187016,0.004098723112088587,0.001523209142197015
2022-08-31 00:00:00-04:00,78.44397735595703,130112300,27522239615.247623,-0.008100023809128776,0.0013541789084107983
2022-09-30 00:00:00-04:00,77.50863647460938,135526100,27194073238.094486,-0.011923679967211998,0.0016538956670144312
2022-10-31 00:00:00-04:00,77.41114807128906,115344200,27159869220.31866,-0.0012577747171729214,0.00146135340015133
2022-11-30 00:00:00-05:00,77.94824981689453,125568000,27348312532.840202,0.006938299702141659,0.001618883319288515
2022-12-31 00:00:00-05:00,78.03997039794922,121315000,27380492897.662632,0.001176685573699876,0.0013510900103107944
2023-01-31 00:00:00-05:00,78.64566802978516,104684500,27593003225.66566,0.007761377006517245,0.0014055409427362257
2023-02-28 00:00:00-05:00,78.0118637084961,102883600,27370631604.699245,-0.00805898579244091,0.0014358838374320605
2023-03-31 00:00:00-04:00,79.29747009277344,173840200,27821689393.347775,0.016479626599887665,0.0036519042028680224
2023-04-30 00:00:00-04:00,79.49092102050781,84347400,27889562070.975243,0.0024395598940047947,0.0018249697256428443
2023-05-31 00:00:00-04:00,79.19133758544922,121286800,27784452572.931473,-0.00376877549300636,0.001677284280464805
2023-06-30 00:00:00-04:00,78.7996826171875,122511300,27647039577.742714,-0.004945679416503257,0.001396530879440937
2023-07-31 00:00:00-04:00,79.03936767578125,96636000,27731133600.47282,0.0030417008118948097,0.0013896516482539065
2023-08-31 00:00:00-04:00,79.36369323730469,97455900,27844923927.25716,0.004103342056755999,0.0009705548634864215
2023-09-30 00:00:00-04:00,79.301025390625,89466700,27822936777.31111,-0.0007896286591944079,0.0008574413220635985
2023-10-31 00:00:00-04:00,79.56513977050781,109443900,27915601880.40733,0.0033305291902825385,0.0012902649959147768
2023-11-30 00:00:00-05:00,80.40216064453125,125803800,28209272469.715965,0.010519944745119414,0.001518633992964672
2023-12-31 00:00:00-05:00,81.28932189941406,113843900,28520534920.413136,0.011034047440653616,0.001557844164491071
2024-01-31 00:00:00-05:00,81.54694366455078,109404500,28610922075.541973,0.0031691956473138827,0.0011799852407128211
2024-02-29 00:00:00-05:00,81.23092651367188,113179000,28500046772.65479,-0.003875278909027724,0.0013787085331481278
2024-03-31 00:00:00-04:00,81.50999450683594,65721000,28597958383.407967,0.0034354894760075805,0.000898016622639837
2024-04-30 00:00:00-04:00,81.20999908447266,42241200,28492704338.724667,-0.0036804740839250227,0.0017502231953808792
=======
2009-01-31 00:00:00-05:00,70.62344360351562,31392000,24778393742.646355,,0.0009978564974465116
2009-02-28 00:00:00-05:00,70.52095031738281,18941500,24742433743.102375,-0.0014512643522202051,0.001302951693331912
2009-03-31 00:00:00-04:00,70.87317657470703,32196100,24866013116.256077,0.004994632881987648,0.0013189524966669942
2009-04-30 00:00:00-04:00,70.75617980957031,21061900,24824964538.542297,-0.001650790479433284,0.001056100064498858
2009-05-31 00:00:00-04:00,70.79579162597656,19894700,24838862433.25961,0.000559835430811173,0.0008988229798720451
2009-06-30 00:00:00-04:00,70.72905731201172,22078400,24815448549.382046,-0.0009426310862855614,0.0018661483794873924
2009-07-31 00:00:00-04:00,70.8069076538086,17436000,24842762516.5807,0.0011006840011094088,0.0010720054841296925
2009-08-31 00:00:00-04:00,71.09664916992188,16931600,24944418977.998123,0.004091995056893172,0.0009819914126751896
2009-09-30 00:00:00-04:00,71.26460266113281,16574700,25003345837.4563,0.002362326398949177,0.0007875944747332977
2009-10-31 00:00:00-04:00,71.36144256591797,20637300,25037322335.46223,0.0013588780568332126,0.0010455272563744795
2009-11-30 00:00:00-05:00,71.78704833984375,14995500,25186647076.75751,0.005964085907212979,0.00039852130968057143
2009-12-31 00:00:00-05:00,71.18353271484375,16991500,24974902264.79333,-0.008407026600995238,0.0011314298679085933
2010-01-31 00:00:00-05:00,71.74987030029297,16354800,25173603078.113934,0.007956019655809055,0.0006508960489754902
2010-02-28 00:00:00-05:00,71.8649673461914,17735300,25213985135.067963,0.0016041429122690687,0.0008022497882062357
2010-03-31 00:00:00-04:00,71.67149353027344,21246900,25146104412.39149,-0.0026921854007941892,0.0006004921300357688
2010-04-30 00:00:00-04:00,71.88665771484375,20473200,25221595249.60597,0.00300208875205632,0.0010120742042654546
2010-05-31 00:00:00-04:00,72.21224212646484,32072000,25335827271.382,0.004529135474799828,0.0010100045118531169
2010-06-30 00:00:00-04:00,72.5147933959961,27006100,25441978063.54487,0.00418975038887992,0.0006984347833742142
2010-07-31 00:00:00-04:00,72.65543365478516,23267500,25491322014.087795,0.001939469895763768,0.0005411672890764611
2010-08-31 00:00:00-04:00,72.82901000976562,22668800,25552221667.923218,0.002389034739028517,0.0006106988478509498
2010-09-30 00:00:00-04:00,72.91542053222656,23930000,25582538993.726036,0.0011864849247484877,0.0005240033157033198
2010-10-31 00:00:00-04:00,73.07544708251953,23479200,25638684668.16663,0.0021946873394529387,0.0004962559334970607
2010-11-30 00:00:00-05:00,72.92568969726562,22216000,25586141953.334953,-0.0020493529801438592,0.0007946675747613677
2010-12-31 00:00:00-05:00,72.80622100830078,21143700,25544226095.596443,-0.001638225013171457,0.001038188455704057
2011-01-31 00:00:00-05:00,72.90161895751953,20459900,25577696680.254616,0.0013102994208129548,0.0007237754243036974
2011-02-28 00:00:00-05:00,72.81311798095703,19351800,25546645913.937054,-0.0012139782055330395,0.0007153851451780878
2011-03-31 00:00:00-04:00,72.71846771240234,22574300,25513437654.71846,-0.0012999068187059537,0.000944872767034326
2011-04-30 00:00:00-04:00,73.10691833496094,17282500,25649726427.740765,0.005341842791502405,0.0007299155906122135
2011-05-31 00:00:00-04:00,73.37299346923828,19243100,25743079485.958435,0.003639534264845423,0.00042633207188661425
2011-06-30 00:00:00-04:00,73.36954498291016,33909500,25741869576.78813,-4.6999395350688644e-05,0.0007246964771498625
2011-07-31 00:00:00-04:00,73.57947540283203,26815900,25815524135.92555,0.002861274660634461,0.0006369404629127867
2011-08-31 00:00:00-04:00,73.83307647705078,47040700,25904500642.166565,0.003446627919407419,0.00047710850717050504
2011-09-30 00:00:00-04:00,73.7580795288086,31044800,25878187794.502632,-0.0010157635550442912,0.00041361740815654455
2011-10-31 00:00:00-04:00,73.78338623046875,40747200,25887066707.595333,0.0003431041293622261,0.0004677644160005558
2011-11-30 00:00:00-05:00,73.81656646728516,35655400,25898708068.17422,0.00044969794030280674,0.00021652924900280094
2011-12-31 00:00:00-05:00,73.85502624511719,40515800,25912201767.57136,0.0005210182439070454,0.0002564273847650456
2012-01-31 00:00:00-05:00,73.91619873046875,42940300,25933664271.393276,0.0008282778906412158,0.00025839655695412706
2012-02-29 00:00:00-05:00,73.81216430664062,37696900,25897163560.228943,-0.0014074644748369725,0.0002802526038958928
2012-03-31 00:00:00-04:00,73.75531768798828,27251500,25877218796.450306,-0.0007701524428437301,0.0004713882304306156
2012-04-30 00:00:00-04:00,73.90406799316406,20186300,25929408174.975613,0.0020168078701123804,0.00030358038071228875
2012-05-31 00:00:00-04:00,73.94607543945312,37731300,25944146581.815655,0.0005684050611793889,0.00027615990273863623
2012-06-30 00:00:00-04:00,73.87422943115234,41753800,25918939248.504234,-0.00097160001898422,0.0002060224481134255
2012-07-31 00:00:00-04:00,74.0371322631836,41688400,25976094072.850147,0.002205137478734187,0.000267603187179328
2012-08-31 00:00:00-04:00,74.0424575805664,20978700,25977962472.4096,7.19276560292581e-05,0.0002672046255545256
2012-09-30 00:00:00-04:00,74.05474853515625,18179900,25982274781.421463,0.00016599873898659467,0.00025954324960292144
2012-10-31 00:00:00-04:00,74.00384521484375,18389300,25964415237.20846,-0.000687374156544962,0.0002956363349755435
2012-11-30 00:00:00-05:00,74.02140808105469,19234300,25970577208.24838,0.0002373236979773541,0.00023365995625473942
2012-12-31 00:00:00-05:00,74.03978729248047,19236100,25977025595.839672,0.00024829589036801103,0.0001992839022353533
2013-01-31 00:00:00-05:00,74.04859161376953,23276400,25980114611.730232,0.00011891337902247834,0.00020325652483998426
2013-02-28 00:00:00-05:00,74.09330749511719,16639700,25995803279.0912,0.000603872138188466,0.0001841105316713655
2013-03-31 00:00:00-04:00,74.11788177490234,14588100,26004425220.324722,0.0003316666594588291,0.00018415965766668986
2013-04-30 00:00:00-04:00,74.16880798339844,23325900,26022292794.90832,0.0006870974625361459,0.00013670350745489119
2013-05-31 00:00:00-04:00,74.06959533691406,16532700,25987483815.150253,-0.0013376599837843228,0.0002342511317510229
2013-06-30 00:00:00-04:00,73.99674987792969,34310800,25961925822.32266,-0.0009834731599791535,0.0004542369782002093
2013-07-31 00:00:00-04:00,74.1170654296875,23686800,26004138803.773346,0.001625957247531673,0.0004387490492873175
2013-08-31 00:00:00-04:00,74.04499816894531,26069800,25978853843.54613,-0.0009723436879803815,0.00034340989551375276
2013-09-30 00:00:00-04:00,74.21013641357422,26085700,26036792967.42058,0.0022302417274981945,0.0005766685168297651
2013-10-31 00:00:00-04:00,74.26114654541016,28336600,26054689986.696377,0.0006873741823039126,0.0003341663791361266
2013-11-30 00:00:00-05:00,74.33061218261719,19381900,26079062161.465466,0.000935423709955252,0.0003162358778261092
2013-12-31 00:00:00-05:00,74.19872283935547,16638700,26032788489.281696,-0.0017743610524515452,0.0003101625077587452
2014-01-31 00:00:00-05:00,74.34821319580078,17432400,26085237516.45638,0.0020147295091448303,0.00046570008812654083
2014-02-28 00:00:00-05:00,74.37721252441406,82634300,26095411996.005783,0.00039004741831405454,0.00029722226621670204
2014-03-31 00:00:00-04:00,74.29627227783203,68642700,26067013928.77621,-0.001088239849745154,0.0005719186934158298
2014-04-30 00:00:00-04:00,74.3763656616211,20654600,26095114872.293606,0.001078026949852262,0.00038752038468448617
2014-05-31 00:00:00-04:00,74.50923919677734,14203900,26141733850.413147,0.0017865021230099032,0.0002245814349614112
2014-06-30 00:00:00-04:00,74.45028686523438,13709200,26121050292.539368,-0.0007912083411196758,0.0004209924843484054
2014-07-31 00:00:00-04:00,74.39299774169922,25519100,26100950274.929146,-0.0007694950005882051,0.00039781755561952095
2014-08-31 00:00:00-04:00,74.53133392333984,37432900,26149485834.831738,0.0018595322925545332,0.0004408965813936009
2014-09-30 00:00:00-04:00,74.47675323486328,29304800,26130336077.74244,-0.0007323186853559482,0.0004969162481587421
2014-10-31 00:00:00-04:00,74.67066192626953,77840400,26198369377.4603,0.002603613651024128,0.0006692476401682074
2014-11-30 00:00:00-05:00,74.74917602539062,53717000,26225916225.406338,0.0010514718511349663,0.000318783013782704
2014-12-31 00:00:00-05:00,74.53040313720703,19746200,26149159266.427364,-0.0029267598630021707,0.0007359511145488697
2015-01-31 00:00:00-05:00,74.99816131591797,15861800,26313273273.57648,0.0062760720326418,0.0006438916430705843
2015-02-28 00:00:00-05:00,74.78008270263672,18743100,26236759902.505688,-0.0029077861304176444,0.0007510436957792542
2015-03-31 00:00:00-04:00,74.96643829345703,19269200,26302143179.925755,0.0024920484718016223,0.0007401275650533293
2015-04-30 00:00:00-04:00,74.99027252197266,25591900,26310505472.5099,0.00031793198474128204,0.0004409228686365347
2015-05-31 00:00:00-04:00,75.02123260498047,30436100,26321367887.140648,0.00041285465389839793,0.0005730821760177613
2015-06-30 00:00:00-04:00,75.04509735107422,34025600,26329740886.88559,0.0003181065581714382,0.0005792173864439864
2015-07-31 00:00:00-04:00,75.07872772216797,49932600,26341540178.08626,0.0004481354849394936,0.0006509595868790367
2015-08-31 00:00:00-04:00,75.04155731201172,48551200,26328498856.232887,-0.0004950857757446414,0.0006700525790678777
2015-09-30 00:00:00-04:00,75.26294708251953,51305000,26406173954.25039,0.002950228892336426,0.0006966880046962226
2015-10-31 00:00:00-04:00,75.15663146972656,63998900,26368872882.81632,-0.0014125890217453474,0.0006533014164054637
2015-11-30 00:00:00-05:00,74.96248626708984,60033700,26300756602.602264,-0.0025832078798651015,0.0004411502676435616
2015-12-31 00:00:00-05:00,74.85072326660156,47854900,26261544302.96554,-0.0014909190723754184,0.0006075019288591714
2016-01-31 00:00:00-05:00,75.33872985839844,52634800,26432762511.304905,0.006519731146200192,0.0004920414743222267
2016-02-29 00:00:00-05:00,75.42305755615234,36040600,26462349073.383183,0.0011193140355882925,0.0007244353870295803
2016-03-31 00:00:00-04:00,75.52698516845703,53819700,26498812309.48472,0.0013779289208384338,0.0007976559523926273
2016-04-30 00:00:00-04:00,75.55453491210938,33782800,26508478198.89616,0.00036476689213649216,0.00044615767723241666
2016-05-31 00:00:00-04:00,75.4647216796875,33517300,26476967024.664234,-0.001188720604611615,0.0006151602055733274
2016-06-30 00:00:00-04:00,75.9194107055664,31301400,26636495690.20111,0.006025186547548023,0.000757718704604254
2016-07-31 00:00:00-04:00,75.88383483886719,32123300,26624013817.499493,-0.00046860040625429367,0.0005860708205133538
2016-08-31 00:00:00-04:00,75.70652770996094,25273000,26561805213.256374,-0.00233655994432469,0.0005875411501211242
2016-09-30 00:00:00-04:00,75.80459594726562,39182100,26596212674.484474,0.0012953735994918336,0.00047432767407009084
2016-10-31 00:00:00-04:00,75.76803588867188,34179300,26583385495.84708,-0.0004822934300604542,0.00041612497933228175
2016-11-30 00:00:00-05:00,75.41191864013672,59430600,26458440959.691486,-0.004700098720500145,0.0005596324963654515
2016-12-31 00:00:00-05:00,75.46643829345703,33143400,26477569302.459187,0.0007229580456702411,0.000627277552237242
2017-01-31 00:00:00-05:00,75.54690551757812,32629600,26505801408.69637,0.0010662650303991938,0.0005956023802490209
2017-02-28 00:00:00-05:00,75.57461547851562,21609300,26515523510.702007,0.00036679147541063273,0.0005769960117222361
2017-03-31 00:00:00-04:00,75.62293243408203,21254800,26532475623.037277,0.0006393278385934398,0.0006396207247134484
2017-04-30 00:00:00-04:00,75.7644271850586,16822700,26582119374.08258,0.0018710561257313518,0.0006686759253063793
2017-05-31 00:00:00-04:00,75.81997680664062,17983600,26601609083.527252,0.0007331886961456924,0.0005033650216766208
2017-06-30 00:00:00-04:00,75.76077270507812,23039000,26580837191.57688,-0.0007808509584945611,0.0004301586655256649
2017-07-31 00:00:00-04:00,75.90169525146484,17700300,26630280183.3572,0.0018600991166668468,0.00041659173268903836
2017-08-31 00:00:00-04:00,76.05526733398438,17398300,26684161293.288773,0.0020233024046529824,0.0005268057701990459
2017-09-30 00:00:00-04:00,75.91321563720703,15197500,26634322136.558884,-0.0018677430473493795,0.00046090632538874093
2017-10-31 00:00:00-04:00,75.84396362304688,20834500,26610024911.91539,-0.0009122524132176846,0.0007713879218531793
2017-11-30 00:00:00-05:00,75.68003845214844,25443300,26552511397.682705,-0.0021613476283117716,0.00037475876376778805
2017-12-31 00:00:00-05:00,75.66476440429688,24162900,26547152463.702724,-0.00020182399697410425,0.000402435231672285
2018-01-31 00:00:00-05:00,75.44820404052734,27025000,26471171773.881687,-0.0028621031926088225,0.0003077525371519658
2018-02-28 00:00:00-05:00,75.37234497070312,31490100,26444556448.92518,-0.0010054456668507905,0.0006777474858469222
2018-03-31 00:00:00-04:00,75.55854797363281,29358600,26509886190.54125,0.0024704419505863218,0.0004789995152391045
2018-04-30 00:00:00-04:00,75.381103515625,33464500,26447629404.074535,-0.0023484365801965668,0.00038805760587544506
2018-05-31 00:00:00-04:00,75.64671325683594,47551100,26540819178.090023,0.003523558674832561,0.0007877917082349589
2018-06-30 00:00:00-04:00,75.67939758300781,67130900,26552286547.305923,0.00043206538347417833,0.0005027112579153141
2018-07-31 00:00:00-04:00,75.63394165039062,38826600,26536338231.295574,-0.0006006381402194894,0.00028412508351106344
2018-08-31 00:00:00-04:00,75.89617156982422,37460900,26628342187.252552,0.0034670931292424267,0.00038044208196437055
2018-09-30 00:00:00-04:00,75.78765106201172,24821600,26590267523.45074,-0.0014298548341488138,0.00036078644377753727
2018-10-31 00:00:00-04:00,75.90367889404297,69653400,26630976148.809147,0.0015309596010082416,0.0005108063274486004
2018-11-30 00:00:00-05:00,76.19287872314453,57003700,26732442558.122383,0.003810089752108947,0.00048095043725658495
2018-12-31 00:00:00-05:00,76.7718734741211,108533700,26935584166.384438,0.007599066483370498,0.0007200743891191277
2019-01-31 00:00:00-05:00,76.96469116210938,84010900,27003234685.103725,0.0025115667921440377,0.0008797577645911157
2019-02-28 00:00:00-05:00,77.0308609008789,75457200,27026450486.506504,0.0008597414966580175,0.0005940646412191828
2019-03-31 00:00:00-04:00,77.51374053955078,56555000,27195869891.831608,0.0062686517199026515,0.0006131121356838192
2019-04-30 00:00:00-04:00,77.65592956542969,56026800,27245757230.78509,0.00183437187896196,0.0005238551685649835
2019-05-31 00:00:00-04:00,78.2164535522461,49160800,27442418329.973457,0.007218044905948018,0.0007574856131694343
2019-06-30 00:00:00-04:00,78.57698059082031,101896600,27568910050.86453,0.0046093503630075805,0.0008991284161909039
2019-07-31 00:00:00-04:00,78.52684020996094,35796500,27551318185.67151,-0.0006381052120146835,0.0007775343259876787
2019-08-31 00:00:00-04:00,79.14077758789062,52803300,27766719493.048603,0.00781818517449806,0.0010910610235382945
2019-09-30 00:00:00-04:00,79.0345458984375,49094800,27729447866.30673,-0.0013423129351382013,0.0010051457467018276
2019-10-31 00:00:00-04:00,79.2818832397461,46670100,27816226727.793716,0.0031294839300579635,0.0008350931974262413
2019-11-30 00:00:00-05:00,79.24447631835938,41263800,27803102425.444145,-0.0004718218066742663,0.0005530755255475143
2019-12-31 00:00:00-05:00,79.36734008789062,37427200,27846209454.821564,0.0015504395415226746,0.0005941969163309323
2020-01-31 00:00:00-05:00,79.82683563232422,46299600,28007424498.184307,0.005789478945933624,0.0004687984198703958
2020-02-29 00:00:00-05:00,80.5266342163086,50339900,28252950402.469837,0.008766457776274494,0.0010213305097164674
2020-03-31 00:00:00-04:00,81.52845764160156,260901600,28604442400.394447,0.01244089530181891,0.0021009603135355827
2020-04-30 00:00:00-04:00,81.7507553100586,101890400,28682436036.44573,0.0027266266882448598,0.0004889465758668321
2020-05-31 00:00:00-04:00,81.68661499023438,70504900,28659932261.23609,-0.0007845838192069854,0.0004962574040039998
2020-06-30 00:00:00-04:00,81.70551300048828,83833000,28666562670.560974,0.0002313476970023931,0.00032667407690242507
2020-07-31 00:00:00-04:00,81.7819595336914,65474000,28693384108.36287,0.0009356349454983093,0.0002397933485289515
2020-08-31 00:00:00-04:00,81.76305389404297,57431400,28686751022.247787,-0.00023117127244487445,0.00017097216613918339
2020-09-30 00:00:00-04:00,81.76213836669922,56232800,28686429807.423813,-1.1197323242506663e-05,0.0001643893499748111
2020-10-31 00:00:00-04:00,81.72431182861328,72432000,28673158281.613255,-0.00046264125231521014,0.00016217188384420108
2020-11-30 00:00:00-05:00,81.74224853515625,59951900,28679451415.372963,0.00021947822063750344,0.0001758327271865053
2020-12-31 00:00:00-05:00,81.77540588378906,54278200,28691084745.58125,0.0004056329404560355,0.0002280921917025025
2021-01-31 00:00:00-05:00,81.79434204101562,54266300,28697728538.85713,0.00023156298671844766,0.00020745689786222607
2021-02-28 00:00:00-05:00,81.74697875976562,59577000,28681111025.296833,-0.000579053270289176,0.0004989501127459576
2021-03-31 00:00:00-04:00,81.70152282714844,70428300,28665162709.286484,-0.0005560564232076626,0.00021209367359203494
2021-04-30 00:00:00-04:00,81.74791717529297,45939100,28681440270.491405,0.0005678516940581524,0.00021970430584352348
2021-05-31 00:00:00-04:00,81.79720306396484,57094500,28698732335.18205,0.0006029008490355814,0.00021484024913791467
2021-06-30 00:00:00-04:00,81.65694427490234,59501000,28649522224.14911,-0.001714713753144137,0.00039081726018155334
2021-07-31 00:00:00-04:00,81.79247283935547,48100500,28697072725.25818,0.0016597310327564063,0.0003586728519375191
2021-08-31 00:00:00-04:00,81.76594543457031,39836500,28687765525.73351,-0.00032432574617546894,0.00028845601558994354
2021-09-30 00:00:00-04:00,81.6834487915039,41106600,28658821393.30318,-0.0010089364542653634,0.00028759981576654544
2021-10-31 00:00:00-04:00,81.40939331054688,69922200,28562668412.53653,-0.00335509194349215,0.0004473949820785979
2021-11-30 00:00:00-05:00,81.3629150390625,62171900,28546361406.63941,-0.000570920253723961,0.0008839937938835385
2021-12-31 00:00:00-05:00,81.19021606445312,74777200,28485769583.676964,-0.002122576047410063,0.0005835452713007704
2022-01-31 00:00:00-05:00,80.63021850585938,108228500,28289293183.012386,-0.0068973527321222194,0.0007925716430583018
2022-02-28 00:00:00-05:00,80.2817611694336,102473200,28167036144.21738,-0.004321671736514765,0.0017023647777481125
2022-03-31 00:00:00-04:00,79.1563949584961,109468700,27772198882.58757,-0.01401770706751726,0.0013984908533602586
2022-04-30 00:00:00-04:00,78.7630615234375,122225200,27634196963.837402,-0.004969067063562371,0.001410881127200374
2022-05-31 00:00:00-04:00,79.232666015625,130397700,27798958754.21487,0.005962242745576329,0.001301193328309516
2022-06-30 00:00:00-04:00,78.76175689697266,139328200,27633739232.713238,-0.005943370863722763,0.0020646205300257825
2022-07-31 00:00:00-04:00,79.08456420898438,150452800,27746996902.85655,0.004098528584551175,0.001523195820675716
2022-08-31 00:00:00-04:00,78.44396209716797,130112300,27522240213.73119,-0.008100216751825151,0.0013541821063782734
2022-09-30 00:00:00-04:00,77.50862884521484,135526100,27194076442.397747,-0.01192358502741786,0.0016539172886424135
2022-10-31 00:00:00-04:00,77.4111328125,115344200,27159869740.43463,-0.0012578732738202092,0.0014614206245481863
2022-11-30 00:00:00-05:00,77.94823455810547,125568000,27348313093.70964,0.006938301069774999,0.0016188954161048918
2022-12-31 00:00:00-05:00,78.03996276855469,121315000,27380496142.281715,0.0011767836817502264,0.0013510855152275806
2023-01-31 00:00:00-05:00,78.64567565917969,104684500,27593011869.823437,0.007761573290614887,0.001405506509137617
2023-02-28 00:00:00-05:00,78.01185607910156,102883600,27370634847.185688,-0.008059179030069696,0.0014358680896484803
2023-03-31 00:00:00-04:00,79.29747009277344,173840200,27821695410.171886,0.01647972600944536,0.0036518076777307964
2023-04-30 00:00:00-04:00,79.49092864990234,84347400,27889570779.26796,0.002439656106336896,0.0018250328828277682
2023-05-31 00:00:00-04:00,79.19134521484375,121286800,27784461258.49281,-0.0037687751312861506,0.0016772950102286863
2023-06-30 00:00:00-04:00,78.79966735839844,122511300,27647040203.215996,-0.004945967963831177,0.0013964754665085558
2023-07-31 00:00:00-04:00,79.03936004638672,96636000,27731136920.922794,0.0030417982210269034,0.001389622666220746
2023-08-31 00:00:00-04:00,79.36368560791016,97455900,27844927272.315865,0.0041033424528373885,0.00097055391262568
2023-09-30 00:00:00-04:00,79.3010025024414,89466700,27822934764.03439,-0.0007898209992216465,0.0008574333238954548
2023-10-31 00:00:00-04:00,79.56514739990234,109443900,27915610594.331516,0.003330914983739497,0.0012902833867650865
2023-11-30 00:00:00-05:00,80.40216064453125,125803800,28209278570.360264,0.010519847847726416,0.0015186317032783163
2023-12-31 00:00:00-05:00,81.28932189941406,113843900,28520541088.372234,0.011034047440653616,0.0015578455112205305
2024-01-31 00:00:00-05:00,81.54694366455078,109404500,28610928263.04854,0.0031691956473138827,0.001179991978304427
2024-02-29 00:00:00-05:00,81.23092651367188,113179000,28500052936.18304,-0.003875278909027724,0.0013787085331481278
2024-03-31 00:00:00-04:00,81.50999450683594,65721000,28597964568.11096,0.0034354894760075805,0.000898016622639837
2024-04-30 00:00:00-04:00,81.20999908447266,42241200,28492710500.66502,-0.0036804740839250227,0.0017502231953808792
>>>>>>> aac99999bbb97183eb8d0cd76fcf5070f55c8f98
